members,model,seed,parameters,test_accuracy,test_loss,hard_past_window,hard_future_window
2,2A,20,329088,0.997955322265625,0.005865595610885066,,
2,2A,21,329088,0.9989089965820312,0.0033520093497827474,,
2,2A,22,329088,0.9991912841796875,0.003141968595286926,,
2,FA-KV,20,320456,1.0,1.1679508556738938e-05,"[-8.0,-9.0]","[6.0,6.0]"
2,FA-KV,21,320456,0.9999313354492188,0.00024452547573439176,"[-8.0,-8.0]","[7.0,7.0]"
2,FA-KV,22,320456,0.999969482421875,7.078028007789783e-05,"[-7.0,-7.0]","[4.0,4.0]"
4,2A,20,329088,0.9983749389648438,0.005627411574096186,,
4,2A,21,329088,0.9986724853515625,0.004473061318094551,,
4,2A,22,329088,0.9979934692382812,0.006437671177991433,,
4,FA-KV,20,320456,0.99993896484375,0.0002925153876276454,"[-10.0,-9.0]","[4.0,8.0]"
4,FA-KV,21,320456,0.9999847412109375,6.573589815417336e-05,"[-9.0,-9.0]","[7.0,8.0]"
4,FA-KV,22,320456,0.9999771118164062,0.00015645356047500059,"[-8.0,-9.0]","[8.0,11.0]"
8,2A,20,329088,0.9573745727539062,0.10995851270854473,,
8,2A,21,329088,0.9511489868164062,0.12834362511057407,,
8,2A,22,329088,0.9978866577148438,0.007314483602385735,,
8,FA-KV,20,320456,0.9999771118164062,9.108522725398416e-05,"[-10.0,-10.0]","[8.0,7.0]"
8,FA-KV,21,320456,1.0,4.7137259873153425e-07,"[-10.0,-8.0]","[9.0,20.0]"
8,FA-KV,22,320456,0.9998550415039062,0.00048509347487879495,"[-6.0,-10.0]","[15.0,9.0]"
16,2A,20,329088,0.999053955078125,0.003358228336310276,,
16,2A,21,329088,0.9977493286132812,0.008467639305308694,,
16,2A,22,329088,0.9992599487304688,0.0035415979409663123,,
16,FA-KV,20,320456,0.999664306640625,0.0010907545079135161,"[-10.0,-9.0]","[16.0,20.0]"
16,FA-KV,21,320456,0.9944686889648438,0.06497070722980425,"[-10.0,-10.0]","[17.0,9.0]"
16,FA-KV,22,320456,0.9541397094726562,0.30852333712391555,"[-10.0,-10.0]","[20.0,15.0]"
32,2A,20,329088,0.868011474609375,0.31428768299520016,,
32,2A,21,329088,0.8688812255859375,0.31028161896392703,,
32,2A,22,329088,0.862548828125,0.32849212922155857,,
32,FA-KV,20,320456,0.99981689453125,0.0009010672222302674,"[-10.0,-10.0]","[21.0,32.0]"
32,FA-KV,21,320456,0.9996490478515625,0.0018781900466819934,"[-10.0,-10.0]","[15.0,32.0]"
32,FA-KV,22,320456,0.9998092651367188,0.0008642928528388438,"[-10.0,-10.0]","[32.0,16.0]"
64,2A,20,329088,0.8561782836914062,0.34604927338659763,,
64,2A,21,329088,0.8353958129882812,0.38653200631961226,,
64,2A,22,329088,0.8336563110351562,0.3929852703586221,,
64,FA-KV,20,320456,0.9987335205078125,0.003551376466472078,"[-10.0,-10.0]","[72.0,102.0]"
64,FA-KV,21,320456,0.9958343505859375,0.019424830947173177,"[-10.0,-10.0]","[57.0,66.0]"
64,FA-KV,22,320456,0.9888458251953125,0.06869100907351822,"[-10.0,-10.0]","[63.0,88.0]"
128,2A,20,329088,0.2490692138671875,1.5125003010034561,,
128,2A,21,329088,0.24871826171875,1.5268462412059307,,
128,2A,22,329088,0.24921417236328125,1.521133504807949,,
128,FA-KV,20,320456,0.199951171875,5.418942786753178,"[-10.0,-10.0]","[152.0,128.0]"
128,FA-KV,21,320456,0.188995361328125,1.6101097352802753,"[-10.0,-10.0]","[210.0,103.0]"
128,FA-KV,22,320456,0.18951416015625,1.6098355818539858,"[-10.0,-10.0]","[226.0,197.0]"
